<?xml version="1.0" encoding="UTF-8"?>
<Configuration status="WARN" monitorInterval="30">
	<Properties>
		<Property name="LOG_PATTERN">
			[%d{yyyy-MM-dd HH:mm:ss.SSS}] [%t] [%-5level] [%logger{0}] - %msg%n
		</Property>
	</Properties>
	<Appenders>
		<!--  Console Appender -->
		<Console name="ConsoleAppender" target="SYSTEM_OUT"
			follow="true">
			<PatternLayout pattern="${LOG_PATTERN}" />
		</Console>

		<!--  Rolling File Appender -->
		<RollingFile name="FileAppender"
			fileName="logs/logger.log"
			filePattern="logs/logger-%d{yyyy-MM-dd}-%i.log">
			<PatternLayout>
				<Pattern>${LOG_PATTERN}</Pattern>
			</PatternLayout>
			<Policies>
				<SizeBasedTriggeringPolicy size="10MB" />
			</Policies>
			<DefaultRolloverStrategy max="10" />
		</RollingFile>
	</Appenders>
	<Loggers>
		<Logger name="websearchengine" level="debug"
			additivity="false">
			<AppenderRef ref="ConsoleAppender" />
			<AppenderRef ref="FileAppender" />
		</Logger>

		<Root level="info">
			<AppenderRef ref="ConsoleAppender" />
			<AppenderRef ref="FileAppender"/>
		</Root>
	</Loggers>
</Configuration>
